cause,delay_minutes,share_of_total_delay_minutes
Airline,4022961,0.3615872350469241
Late Aircraft,3910112,0.35144426873733015
NAS,2705624,0.24318383927574713
Weather,466088,0.04189239498184317
Security,21053,0.0018922619581554217
